Country,Year,GDP growth (annual %),Labor force,Gross capital formation (% of GDP),Industry (% of GDP),Industry (% of employment),Manufacturing (% of GDP),Manufacturing (% of employment),Services (% of GDP),Services (% of employment),Agriculture (% of GDP),Agriculture (% of employment),Trade (% of GDP),Broad money (% of GDP),Political stability
Burundi,1991,4.996836447921254,2568641.0,14.409763187948919,17.534851673918585,2.415699,12.707953826841218,1.7214560157414023,23.348497862178974,6.211409558296477,48.5979103153404,91.37289125535844,38.42256047721073,17.035602034941338,
Burundi,1992,1.0099983709962856,2622016.0,10.63829806567829,18.986006151784686,2.389902,8.599290936423284,1.7047046729272315,22.68145958773929,6.212397517251434,48.004521705755934,91.39770027908777,38.226131412797606,16.907535768266385,
Burundi,1993,-6.24000000139047,2410298.0,11.540149279386874,20.123412708302514,2.357668,8.424747762898404,1.6891160699535157,22.351357262976933,6.015683063631712,47.16981169331137,91.62669202959027,36.54299660279681,17.733128705219972,
Burundi,1994,-3.829999996198282,2394789.0,6.974127152046634,19.5729092024609,2.327616,9.351748292164618,1.676124083369642,26.770379653169723,5.898703805396357,40.732325452444144,91.7737232487451,38.753523581474944,23.00520666940144,
Burundi,1995,-7.920000003747717,2628505.0,6.363436388009001,16.800672232459508,2.281696,8.258459740035581,1.6543864865913127,28.460969995785902,5.612447781320728,42.02269312836133,92.10585597497655,40.20462641452007,19.803614363671564,
Burundi,1996,-7.999999997940932,2575028.0,8.209806157354619,11.78259217027746,2.232542,6.2713797035347785,1.6299477341322044,28.1245516913721,5.247150662044994,53.380921512732805,92.52034784167252,21.573722272900035,22.332307107563665,-2.11674880981445
Burundi,1997,-1.5899999968582819,2527375.0,6.096849474912486,13.890431563593934,2.203632,9.744337922987164,1.6172841719583275,32.57208284714119,5.204720443847548,42.42186414819136,92.5916886156494,24.275379229871646,18.58637689614936,
Burundi,1998,4.7499999950961325,2574722.0,6.771614192903548,14.691284707646176,2.195539,10.306147951024487,1.6121197049158436,33.49822588705647,5.5895026102337475,44.53870404797601,92.21495835660626,27.4400299850075,15.785882058970516,-2.29753232002258
Burundi,1999,-1.009999996498152,2652842.0,5.884936319718928,16.119610540184453,2.220132,11.308139108476064,1.6193385208415154,35.713394817742646,5.711308993144052,47.63530412823891,92.06851985870897,23.539745278875714,20.473737373737375,
Burundi,2000,-0.8568640584241507,2711922.0,2.7811377098961927,15.539570689424757,2.25378,10.901232782225629,1.6279537429251014,32.12899770279986,5.831590703728385,44.10704010936864,91.91462945948135,22.55372448902864,17.172855060903363,-2.01407074928284
Burundi,2001,2.0558071083524254,2789039.0,4.468258562600108,15.573191075672261,2.292545,10.924817959528946,1.6334656789232653,34.99861276648901,6.057758666258084,43.84314205827972,91.64969683483218,20.96404561472224,17.225781635216748,
Burundi,2002,4.446519412247966,2877511.0,3.94866019879363,15.8040004931229,2.338532,11.086734100799504,1.6356787808947215,35.50594768364534,6.368605344478652,43.33361124212516,91.2928269207616,21.67382940696661,21.252340683043787,-2.28477239608765
Burundi,2003,-1.2237279602344415,2979746.0,7.868790037064022,15.741712307225333,2.393147,11.04303804233396,1.6496361086629971,33.82656159615402,6.4393246531530774,42.841283700539385,91.16749394438256,27.376312079610702,24.024346314190854,-2.24483132362366
Burundi,2004,4.833657768094525,3109670.0,10.347097130117563,16.32301915711288,2.42774,11.450833172751398,1.6308158625580353,33.97993703176033,6.4333668164280216,41.90260496890339,91.13885993546957,31.576118181653236,22.3254125001561,-2.52275967597961
Burundi,2005,0.9000000009019118,3235531.0,18.2,16.933003598610878,2.517987,11.88501660260676,1.6578324915247151,34.01465266949391,6.717655122698887,40.84812339229493,90.76435754321925,35.09999884129365,23.222863924836375,-1.52337801456451
Burundi,2006,5.413807144914443,3353085.0,18.51298572410108,15.315291243606383,2.590344,10.367203603328498,1.6590167509589735,35.70226734865257,7.146318075701977,40.637682265821816,90.26333760570422,42.4,26.274869837392167,-1.42777347564697
Burundi,2007,3.4519485638194283,3475185.0,15.1864583013854,17.156194218906226,2.685837,11.109361784204395,1.6791162515002904,39.918867581178425,7.583669762106275,34.93417191975905,89.73049327486501,38.79999877319931,24.61961340784103,-1.377925157547
Burundi,2008,4.861716367126405,3624218.0,13.408958689033085,15.415205278109024,2.777041,9.622533996742257,1.68355901025658,38.321440774323584,7.903591626214614,38.004823301706466,89.31936767452258,47.19999958140146,25.258884884877553,-1.63649833202362
Burundi,2009,3.812745366334184,3823894.0,18.974873021283507,16.919528963832683,2.883348,9.490401362714001,1.7001025846057165,37.839452176559625,8.210623022707644,36.72136413767865,88.90605573488884,35.80000355919141,25.790462188382524,-1.27144265174866
Burundi,2010,5.124159994398056,3999715.0,17.160382431837544,15.386156277750878,2.98831,9.245838978635748,1.705779847145294,36.9511248689049,8.651729817441332,38.430545287633535,88.35996017788837,39.50000539773943,28.242728565396813,-1.6259593963623
Burundi,2011,4.032599988444147,4113261.0,16.345747559703128,14.80968131613238,3.10609,9.318993014448488,1.7197225139777024,37.99415080648079,9.1050440795792,36.70457600440356,87.78889042899544,43.0000028373483,26.805903623317434,-1.80720043182373
Burundi,2012,4.446706331114953,4228184.0,16.338144687030766,15.750813017067266,3.234386,8.830567739340163,1.7379340178684082,38.84958902009532,9.562181940530765,35.42003257416088,87.20343188795894,43.70537319162008,26.063271237229852,-1.7047381401062
Burundi,2013,4.924189898346839,4347855.0,14.632638517119211,15.584800513892432,3.363348,9.545819960335436,1.7532974957633336,36.02377565626073,9.910761272616975,38.36740004055113,86.72589119549235,46.60407908676551,25.88213261163167,-1.35027754306793
Burundi,2014,4.240650214026573,4460707.0,14.203057157241853,15.498211588581023,3.49668,10.124209833741896,1.7710928081966366,39.12782296961122,10.318267402376716,34.95819234365408,86.18505247138313,42.99502580526304,26.45375542503117,-0.784407138824463
Burundi,2015,-3.9000000804854977,4525904.0,12.16345825054958,11.766428689422685,3.476981,8.676553788363533,1.7584163869184353,49.37163595999162,10.177774777649773,30.684697299422158,86.3452438165904,22.838283415772082,22.675540839051166,-1.93951082229614
Burundi,2016,-0.6000009091163889,4553883.0,9.237409969694315,12.207363090938903,3.478246,9.361716450201865,1.754665869162073,47.6730845453259,10.19989239028415,31.54433612866061,86.32186163918347,23.043725257044933,24.240909060278724,-1.97072076797485
Burundi,2017,0.5000012624292793,4644148.0,8.806015604546744,10.993130805306334,3.472016,,1.7460077463816015,49.33370561677631,10.218116981778268,28.54664700601706,86.30986746445653,22.24029310119765,27.338091341802873,-2.00786924362183
Burundi,2018,1.609935421277143,4803010.0,11.103458593014848,11.107217029874494,3.46357,,1.7480336855903593,49.114983234785946,10.35943173602956,29.011900485457065,86.17697744667399,26.59970246477735,33.19741212691512,-1.57177233695984
Burundi,2019,1.812565324015523,4990348.0,14.128700000528829,10.935980000869936,3.452964,,1.742542530077714,47.82754000065994,10.485537064783825,28.844389999617647,86.06149931309851,29.026209999788904,39.621987387909556,-1.61515891551971
Burundi,2020,0.327156892638385,5110212.0,11.445986919033263,10.742950000078318,3.492677,,1.7747515448676465,45.47970999988112,10.412525583024044,28.624949999794723,86.09477745463072,26.773329999594953,46.25350211145868,-1.53703701496124
Burundi,2021,3.0999999987062665,5332664.0,13.112619999927052,10.599389999527041,3.619404,,1.8142256595373736,44.80546000040959,10.5302928571266,28.660219999786058,85.85030305375307,28.81865999954391,49.75122555846251,-1.36397981643677
"Congo, Dem. Rep.",1991,-8.421051499133767,14886289.0,0.0,,9.433605,0.0,3.464380358534685,,22.26570364596865,,68.30069108859445,,14.36422533333332,
"Congo, Dem. Rep.",1992,-10.500008564647729,15310506.0,,,9.19774,,3.4560762396922615,,21.48859200928341,,69.31366263620907,,15.802469585687401,
"Congo, Dem. Rep.",1993,-13.469050538127945,15793369.0,,,8.884013,,3.4692873646634723,,20.680506850798402,,70.43549073692013,,30.683506686478456,
"Congo, Dem. Rep.",1994,-3.8999968031238694,16701282.0,7.544642407517449,15.871992725420597,8.688834,,3.446363926070903,26.784005709163583,20.038741318833104,56.54402803935985,71.27241030615616,42.51672246817731,8.401060108802156,
"Congo, Dem. Rep.",1995,0.6999988297943958,17461535.0,9.373601552689586,16.864006974389397,8.624429,,3.4280686026840397,25.791997311954084,19.902285349559897,56.54398925588855,71.47328280090545,52.20853141779791,6.740504684656595,
"Congo, Dem. Rep.",1996,-1.0231726419992242,17598922.0,27.851817009108444,32.35395775286417,8.736875,8.838558515348657,3.461862668657239,33.52092022928188,20.233534078987933,33.26198153783944,71.02958834209308,60.31625674341448,,-2.68281292915344
"Congo, Dem. Rep.",1997,-5.617046598700881,17661193.0,2.5000000312500004,21.250000265625,8.26749,6.250000078125001,3.4250993971217176,29.926249124078115,19.288183195813993,47.50000059375001,72.44432704854133,33.750000421875,,
"Congo, Dem. Rep.",1998,-1.62415404478989,17975241.0,2.100000021021232,20.445650311270885,8.106169,5.943002491946892,3.4075356453422803,30.986294467274895,19.086218089733542,46.499967432106104,72.80761618683333,62.67930672658692,,-2.84785175323486
"Congo, Dem. Rep.",1999,-4.270140831133503,18457645.0,3.0690106706595617,18.71444886392152,7.798111,5.014597360983211,3.3912681512477714,28.294471856306586,18.22415479715277,52.36616492686649,73.97774122098137,41.17766081915286,,
"Congo, Dem. Rep.",2000,-6.910927316521011,18972844.0,14.433496333940637,22.40570630271374,7.479929,9.90831810404657,3.468932617316392,44.5134186173392,18.46593714338788,31.972358265241464,74.05413361823378,27.014402922756858,3.423081396698608,-2.47423815727234
"Congo, Dem. Rep.",2001,-2.1001730248884627,19559968.0,6.704140751736462,30.01626654754734,7.389514,19.80768858467591,3.586416467576675,34.545000120412595,17.267651419959925,32.87090402004475,75.34283312370117,25.041937513839134,2.8574081289554107,
"Congo, Dem. Rep.",2002,2.9477651835976673,20178951.0,7.435791082934255,32.61833688380493,7.502995,21.216790556639076,3.610983880092158,38.0515982890655,17.808148778892676,26.58377932049918,74.68886380842997,29.316845642982127,2.9172580390146274,-1.97592794895172
"Congo, Dem. Rep.",2003,5.577822311444237,20775195.0,9.524554843389806,28.85793840697879,7.617797,18.29840585675874,3.581292242464592,41.988809547026854,18.588807988461667,26.05383880660671,73.79339580736794,54.03135617764191,3.1607449476306644,-2.02786993980408
"Congo, Dem. Rep.",2004,6.73837393324294,21399275.0,12.256920548990792,31.782423494150258,7.940669,17.641505835784642,3.6150135346714016,40.17397566230398,19.129973975504676,23.87935949082438,72.92936316305541,49.33641462549942,5.062810532866037,-2.38776421546936
"Congo, Dem. Rep.",2005,6.135151155489723,22085661.0,11.77990023042064,31.792210494941415,8.212112,16.40353329282821,3.6598245170864208,43.404863965404274,19.917408564975563,21.57938224694073,71.87047392317938,52.3146046950079,4.530350610272528,-2.12856149673462
"Congo, Dem. Rep.",2006,5.320979565489978,22533506.0,14.646341149819534,29.734536145784592,7.977746,15.472596613507225,3.9214193996320805,44.515349823373704,21.093704530044523,21.210060648818708,70.92854906575533,47.963259623037374,5.941400067390502,-2.24673223495483
"Congo, Dem. Rep.",2007,6.259477764373969,22982377.0,13.708284218837912,30.2069711450062,7.901708,17.00603069253631,4.221503804098224,43.56057550504613,22.29101424542582,21.602205301421428,69.80726697409081,80.14205505280874,7.000762027235828,-2.1784999370575
"Congo, Dem. Rep.",2008,6.225894268691931,23412171.0,10.857103236691755,33.22345539596906,7.990541,14.917031951977053,4.508044154077107,38.726705251685175,23.201075819195697,22.618679764601506,68.80837772144463,83.7722916477706,8.482530699928676,-2.00307631492615
"Congo, Dem. Rep.",2009,2.8550640101148446,23828069.0,14.563435399552564,33.01591566120942,7.843554,18.875681978083755,4.8818465615616935,38.35326827782006,24.171101399862955,23.67466669588874,67.98534337002843,62.946879364740546,9.711507022546666,-2.00098276138306
"Congo, Dem. Rep.",2010,7.107976575813922,24281009.0,28.781348937396594,38.68914996354506,8.145866,16.221648548958086,5.194197073530069,35.377421811581264,25.621591024844587,21.428491122437176,66.23254648057359,90.74761029527677,10.116303567964072,-2.19674205780029
"Congo, Dem. Rep.",2011,6.874670890016304,24782462.0,24.89210592227944,40.94273751884117,8.316165,15.358892497286345,5.5341396452028295,33.11420829313765,27.23159210736758,20.91707601311392,64.45222889805613,85.19814419457647,10.106520769395322,-2.21298933029175
"Congo, Dem. Rep.",2012,7.0868989467194154,25253938.0,14.32823127781902,40.25475637856694,8.455621,15.361348680925865,5.894605629941846,33.18206259668038,28.902776098675805,20.44106070560802,62.641606339227685,68.35171139795547,10.749961140778659,-2.08589291572571
"Congo, Dem. Rep.",2013,8.481956636087546,26115207.0,21.842423441079077,41.28634596346761,8.792601,15.38523318839815,5.995717722406795,32.33237872508912,30.03741000527248,19.316667627013,61.169984166523506,77.46594514586263,11.449222483633479,-2.19219064712524
"Congo, Dem. Rep.",2014,9.470288097140838,27011671.0,23.223474339245474,42.97984785667231,9.147408,15.554413473691714,6.0591393931236395,31.701462471641413,31.187575559660186,18.562517313629822,59.665020825533524,78.69015012619462,11.874049622147554,-2.16792130470276
"Congo, Dem. Rep.",2015,6.91616712035345,27914047.0,18.52712019627603,41.70486389885408,9.332404,17.128657296139853,6.119309078515134,33.10437481278019,32.32500396514571,18.3703885046967,58.34259533878843,59.33243096430871,12.290349366099544,-2.15085434913635
"Congo, Dem. Rep.",2016,2.3993989141368672,28894272.0,17.39993589784826,41.16138162900787,9.325257,18.26439236250317,6.167882504239535,33.82743725176294,32.54749809920648,18.59975364024441,58.12724601150385,55.925210263658386,14.006684867790185,-2.23462152481079
"Congo, Dem. Rep.",2017,3.7269476533326724,29889916.0,24.987678381753003,42.191716222881794,9.427813,19.487038082348043,6.189144220908409,33.75029293237607,32.80672111063511,19.702697496749213,57.765465121662004,74.29137961719545,12.67280109633979,-2.30224871635437
"Congo, Dem. Rep.",2018,5.821121099893389,30828284.0,20.600959616449924,43.2552601071892,9.67767,18.21351465804847,6.174653319734409,33.11472214874487,33.293022621790215,18.887343185982093,57.02931440019725,69.91972915047981,12.414752713177212,-2.10578107833862
"Congo, Dem. Rep.",2019,4.384528881038818,31751451.0,20.594539679555126,39.651915840137235,9.657775,19.477919452111482,6.176982317481975,35.85903910982771,34.07408195925328,19.43498870668129,56.26813871195664,55.235158039140394,,-1.59389889240265
"Congo, Dem. Rep.",2020,1.7354227636006954,32445875.0,24.602280952327998,41.21359588626294,9.772702,18.991229662584267,6.358274149131228,35.70764289494151,34.31616992825842,20.883418884375317,55.91112333159221,58.491757328202254,,-1.74229800701141
"Congo, Dem. Rep.",2021,6.200154010759462,33725417.0,27.521323625776763,45.34203534747236,10.02869,17.72089052348389,6.4851735494263085,33.182839859785155,34.6875017870375,19.04363012934513,55.28381092922918,80.4813114206906,,-1.61466693878174
Kenya,1991,1.4383467917155883,8920637.0,20.970514858597515,17.003510866773837,13.90287,10.412546574546324,11.398541521845301,,39.02262354078591,24.320148172027523,47.07449058613799,55.59769922436536,30.981928613264714,
Kenya,1992,-0.7994939586413494,9238191.0,16.920839083240626,15.846070726597913,13.82085,9.307076684075675,11.337773457415047,,39.139800110471455,24.78128722381902,47.039348319171836,52.93087010382862,36.517796397030615,
Kenya,1993,0.3531972562272472,9560700.0,17.610435059721617,14.367019669865346,13.72196,8.510982885422257,11.26582401650271,,39.302516165930946,26.808013408841074,46.97553027821294,72.8584813635643,37.065232147999076,
Kenya,1994,2.6327845178369955,9892867.0,19.29324296766807,14.552057088776198,13.65548,9.023959259769098,11.213260251036933,,39.53791015322301,28.11535668120958,46.80661458557434,71.26612522931075,38.01600913748456,
Kenya,1995,4.406216524822867,10229142.0,21.819761103442843,13.556517932674325,13.57341,8.363447202684728,11.135717577046451,,39.833014363535106,26.349619562131167,46.59357216962597,71.74574164030346,42.23226877618722,
Kenya,1996,4.146839268760132,10565712.0,15.003822685531063,16.3920534652717,13.51712,11.859482149657412,11.07896084502197,,40.1702866256978,27.49252178058657,46.31259675376461,57.312110703810184,35.79169110956718,-0.656428635120392
Kenya,1997,0.4749019212935792,10913310.0,15.140988143780515,15.926383171515996,13.37243,11.568284580423802,10.956719373649186,,40.46376453316141,27.693937399472684,46.16380568466139,54.057116860289256,38.42265325912973,
Kenya,1998,3.2902137224906483,11272302.0,16.692716407763818,15.542163321886179,13.26718,10.929960477578849,10.834847626484002,,40.8431100714827,27.74491360097376,45.889703777334894,48.89724194007533,35.80718380476352,-0.907693862915039
Kenya,1999,2.305388595224116,11659977.0,15.521414867468533,14.915302558375027,13.12875,10.14458011385098,10.67224465477235,,41.2161294806203,28.744079613055785,45.655127355012,48.19227498890953,35.77079783091403,
Kenya,2000,0.5996953908074261,12114213.0,17.414090615451098,15.015856028556382,12.90276,10.315580745611763,10.376261007640394,,41.530599497684676,28.721780641290472,45.566641994577374,53.309044386227335,35.16472735184325,-1.06835269927979
Kenya,2001,3.7799064979534336,12601491.0,18.79034052425896,15.309624091250818,12.7723,9.779939836564823,10.116779842627777,,42.04532802035071,27.849260111289613,45.18236688398023,55.94683602866438,35.240744132139014,
Kenya,2002,0.5468595301755954,13103364.0,15.138215889346156,15.453561180366881,12.60017,9.823609462483569,9.856594328316788,,42.45482613454218,25.853967603945634,44.9450016545415,55.17267226400534,38.15891037115126,-1.18801403045654
Kenya,2003,2.932475545709039,13606235.0,16.482149389193328,15.623150041262363,12.5066,9.70902523630876,9.630358615300954,,42.90732343901627,25.8044393708329,44.58608372698307,54.132265895729034,39.023164222323736,-1.26386892795563
Kenya,2004,5.104299776297381,14125163.0,16.96249555648502,16.205077338740622,12.52065,10.000792573974225,9.455784194585,,43.400502368321355,24.92904108750566,44.07884629714465,59.47700334842886,39.32702744064131,-1.08735477924347
Kenya,2005,5.906666079800573,14646884.0,17.649684790478375,17.012626039661658,12.52458,10.53608575111692,9.308797608130567,,43.96885987739923,24.236274700241925,43.506558157609824,64.47886616397959,38.906714649324556,-1.25050592422485
Kenya,2006,6.472494300154835,15171370.0,18.633585404403018,19.38410593536877,12.59009,12.68935539013373,9.132760334888976,50.35667850493088,44.671066928898576,20.519687804940922,42.73883386486002,55.23648512573032,34.60156878964803,-1.12698328495026
Kenya,2007,6.8507297699878364,15697007.0,20.45697838890854,19.302168081515365,12.69909,12.790439858897837,8.97205749275369,50.227647861876434,45.34104741911923,20.586664460299094,41.95986033011807,53.89478880460585,36.06481968344746,-1.30544221401215
Kenya,2008,0.23228274481297717,16235546.0,19.612711422769827,18.58277172744253,12.62923,12.095770618326274,8.748956179007635,50.12476551091436,45.808096153037965,22.196340157982615,41.562682394902765,57.57859864731311,36.10549914129126,-1.39361536502838
Kenya,2009,3.306939816310887,16792371.0,19.019172424825424,18.38662466777505,12.68872,11.492953137125486,8.564031410365606,58.41441158710262,46.33784048798408,16.254981466228603,40.97344578492697,45.945191812780514,31.87356116251837,-1.42558062076569
Kenya,2010,8.05847360290906,17354366.0,21.263998799209478,18.574672770685147,12.90949,11.160375024669019,8.407768588786796,56.99824606755003,46.95808799186075,17.56775988636964,40.13243012638879,50.394287350283385,35.51043039898905,-1.16552352905273
Kenya,2011,5.121106119705601,17926485.0,21.8858122759467,19.662900833486685,13.05486,12.047767286788705,8.247570268211977,55.213892373695316,47.5069630508953,18.894711224995277,39.43817932886652,58.40220597456249,36.56943571578186,-1.24479079246521
Kenya,2012,4.56867961444982,18509902.0,22.193362925882347,19.26155255788996,13.2054,11.083340273129396,8.074869667384013,55.64971069965521,48.095236215198554,18.82972593294458,38.699365765482426,51.62369202324807,36.526519545731226,-1.32344126701355
Kenya,2013,3.7978483925754034,19107609.0,22.404968103986164,19.080259114397506,13.35566,10.909016625239442,7.899178890596377,56.08070834342185,48.635080392800226,18.61655158546215,38.009256197207584,47.46464251273036,37.79339192818963,-1.16693091392517
Kenya,2014,5.020111002324839,19718332.0,24.950718998773283,19.036032802367153,13.57885,10.065033432797536,7.724071071164188,56.95484636070112,49.157694356262894,18.347839339355595,37.26346519584931,46.17048936221598,42.30125690252831,-1.28224718570709
Kenya,2015,4.96772112759767,20338656.0,22.103398202029336,18.89404569836049,13.80015,9.975179818128655,7.548561737550176,56.13137802922207,49.61017306402373,19.469614778052783,36.58967223102822,40.3273846919019,42.819385779409345,-1.24440562725067
Kenya,2016,4.213517068147439,20989035.0,19.348435830933212,18.162159286516417,14.0307,9.321491101470833,7.372098554131365,56.44650874683174,50.10103020430737,20.03451643283491,35.8682703325246,34.86501957318242,40.32761162423006,-1.3547910451889
Kenya,2017,3.837958173647209,21588086.0,20.663494902277343,17.503509207869115,14.29239,8.739141730505096,7.1941425018429275,55.85410606790017,50.53134493403631,20.893637406529177,35.17625893028699,35.99505787540744,39.35198929410404,-1.13192212581635
Kenya,2018,5.647946407092192,22178699.0,19.3759862497025,17.313146131064,14.6807,8.408385291832484,7.033531592120365,56.018950983088665,51.01641334889971,20.314910419967994,34.30287929318075,34.41475317674248,39.359832340854105,-1.18409061431885
Kenya,2019,5.114158857678007,22775099.0,19.34183437397774,16.9305452274709,15.00087,7.90461593672111,6.853954127502328,55.959862965675875,51.41153862438714,20.861163811068607,33.58758682839442,31.759466725377617,38.070483758951276,-1.10175132751465
Kenya,2020,-0.27276632743881635,23230574.0,19.65158977029548,17.400287632278648,15.28766,7.5998383584988245,6.955776258163125,53.97743551838672,51.07442697243339,22.702726160445057,33.637911506178085,27.23634936589308,41.20258090640462,-1.00235593318939
Kenya,2021,7.590489473334671,24116304.0,20.391238130901915,17.15243577679519,15.72709,7.3633013631410655,6.944817983598731,55.12144421750461,51.23909529344181,21.47707509572517,33.03381645569175,30.68928192361907,38.98878245968992,-1.08966493606567
Rwanda,1991,-2.5143796527326714,2438025.0,14.021749968517305,20.940049661736396,2.564579,16.139912822432674,1.314299106483481,46.92724339534495,8.169966159407224,32.132706942918645,89.26545459289483,25.37197378306373,14.002440461519965,
Rwanda,1992,5.872725237590771,2482499.0,15.634096042437307,18.703438165118424,2.522073,12.106047567617557,1.3017786633518573,48.05894676441003,8.512814419420883,33.23761507047154,88.96506653992397,23.831447033071377,13.861461387815574,
Rwanda,1993,-8.108691876939844,2546801.0,16.747020875704965,18.334828557838033,2.463528,11.479883290464347,1.2913329351675127,47.93027884981821,8.429414254663468,33.734892592343755,89.1070127884379,25.679007006985806,13.581287776414966,
Rwanda,1994,-50.248067104517794,2094466.0,9.982509017046059,21.170084549124688,2.408623,17.24969857735496,1.2875075299978833,29.07116933892187,7.839501147815893,49.75874611195344,89.75187639406718,71.0956283073375,22.42756312640926,
Rwanda,1995,35.224078305263674,1698315.0,13.409132990084943,15.971186732246764,2.352494,10.220202984169424,1.2718386502457066,40.02836380762428,7.549697265540225,44.00044946012896,90.09780857245694,30.972173149486405,18.589942536937617,
Rwanda,1996,12.745695762903807,2040819.0,14.370426373067197,18.08581431184811,2.354417,11.544864432439812,1.2630377054638986,34.72489346875516,7.828877041019681,47.18929221939673,89.81665079600671,32.23006582076592,16.14489069003262,-1.8453323841095
Rwanda,1997,13.84975248641534,2375153.0,13.809779436211661,18.610066125946105,2.384893,12.036539400034437,1.2538442323499643,35.42898161223801,8.1738206762028,45.96095226181588,89.44128658976052,33.46746051001822,15.828801594757788,
Rwanda,1998,8.8586694907101,2514746.0,14.807661121811519,18.702719643049466,2.428717,11.234508109183906,1.2462786365520284,35.779819179672,8.195532648220201,45.517461177278534,89.37575002912077,28.794463591001122,14.72460913715855,-2.03788757324219
Rwanda,1999,4.351888325639578,2615028.0,11.97521660481924,18.37069861908788,2.48017,10.245709898781238,1.2477758635298104,41.856477875835914,8.131551561946681,31.546907559268718,89.38827828482417,27.334480044313576,13.703239250278695,
Rwanda,2000,8.37092003930509,2711971.0,12.29277501925727,16.819505103641948,2.549833,9.634341326909695,1.247972385078094,44.33154012272556,8.3547783880744,31.186111445331054,89.09538855256977,27.485862496263287,14.156978078341432,-1.69159471988678
Rwanda,2001,8.484543671141637,2797990.0,12.785981989634571,16.438676944092105,2.638423,9.068775719869372,1.2566683009347797,43.428168027870726,8.6716322442181,31.794895341295852,88.6899041193297,29.199749760378346,13.664186462954778,
Rwanda,2002,13.19206613366886,2884196.0,12.61781247592388,16.391984899458127,2.763506,9.766664954587089,1.2794927827620424,44.39572151313593,9.522205705643083,30.195733497692974,87.71428818746327,27.610493335730247,14.634985704135527,-1.6515132188797
Rwanda,2003,2.2023989663842087,2974186.0,13.170599318375164,14.288547554553475,2.989145,8.896178342840939,1.374042708840159,43.68009561536736,9.629077266300943,33.036188050514696,87.38177786220358,29.31134667007653,13.983428235412829,-1.11252212524414
Rwanda,2004,7.4476854020241205,3066374.0,14.358876823871391,14.587254706923552,3.259137,8.85048098539154,1.4781298921781074,42.454165928847246,10.190137331899807,33.895679256598655,86.55068828906771,33.46209648564768,13.781535372994133,-1.18624520301819
Rwanda,2005,9.377898318379124,3156917.0,15.148965396716571,14.951595488233881,3.573495,8.71647843199079,1.5894984651221158,42.53565948741262,10.947345256369735,33.77622407534031,85.47915985707314,34.217159449832906,13.76268956017063,-1.00021243095398
Rwanda,2006,9.227069964356119,3247094.0,15.02397736523618,15.83521656067996,3.934291,8.996576066095956,1.7157181469502927,45.20226107400469,11.842688490939878,30.026333333151335,84.22302063713789,33.222150575560505,15.53569441540055,-0.684061944484711
Rwanda,2007,7.633280266873825,3338604.0,16.788773945895493,16.73545728580919,4.331077,8.137865114689212,1.8482089694854413,48.19327491408472,12.647881030728787,26.068837332981182,83.02104228349292,35.97199146035096,17.051028625252155,-0.360214412212372
Rwanda,2008,11.16126132275835,3433301.0,21.34285166574936,16.267317759955716,4.763502,7.937847233377192,1.9888514347441477,49.30644231437963,13.69230052418546,24.78036722141632,81.5441975613794,37.604873879506556,15.69967854890737,-0.327669590711594
Rwanda,2009,6.2482620415033665,3532102.0,21.013330968234907,15.692293665836402,5.218174,7.980966746385369,2.146432624927316,49.50670951960385,14.242917788065776,25.357369679768983,80.53890800879056,36.8059449147076,14.334852460064154,-0.506896436214447
Rwanda,2010,7.334648332862969,3635144.0,20.530740882397247,16.332698492341308,5.722649,8.256059502203277,2.320457859388709,49.87559841836674,14.975630165515044,24.314391328232578,79.3016894961486,37.27928729065507,15.554447405542437,-0.272093862295151
Rwanda,2011,7.958376402538889,3742460.0,20.89938314394558,18.17193335196362,6.269548,8.367853803058512,2.508819725864576,47.893870272715944,15.665622095782147,23.836871273186542,78.06486042319524,39.71614217570296,17.334287618715575,-0.17711777985096
Rwanda,2012,8.641517545071494,3843907.0,23.30182957431859,18.230115671152987,6.860866,8.282230637969196,2.7072759036034344,48.84488343566632,16.525433358647206,24.765029679118456,76.61367084901431,40.5407486045115,17.245841155169092,-0.230615198612213
Rwanda,2013,4.719855387772199,3940991.0,24.42850879630243,17.62232764394835,7.30781,6.824176982463162,2.3938832265432715,49.796063738461655,19.77080822002641,24.919696080092915,72.92138148751428,42.6930107162202,17.98211514411545,-0.110951617360115
Rwanda,2014,6.167163145981476,4042993.0,23.226569611324514,17.556700293848042,7.913195,6.815400042044352,2.1127001707068027,49.216648282637635,23.634247343547298,24.687770891720856,68.45252964353658,43.90232407088919,18.948720490076713,-0.313469648361206
Rwanda,2015,8.856847229537479,4152626.0,24.23831609918467,17.452189179671,9.449162,6.831701294845558,2.515788887201633,49.738227812043014,24.939395362912258,23.98039732790755,65.61141584886367,45.20140687104842,20.777285174984467,0.0132411494851112
Rwanda,2016,5.9707568904195085,4270829.0,26.138855520997083,16.84165271204632,11.19832,6.70344755451213,2.9888727192740565,49.28405237792428,25.828993837304626,25.15228102713602,62.97268893610487,49.4846395456922,20.28793998974392,-0.0548992827534676
Rwanda,2017,3.936611131929027,4399260.0,23.83503023172937,17.28422868345309,13.2115,7.677866308718971,3.554557322869947,47.87648776993265,26.43193351749677,26.34544257427055,60.356562363847566,53.675271638476296,19.708142175277228,0.0880957543849945
Rwanda,2018,8.53983645415515,4025709.0,21.377111127393608,17.335503672238495,15.49325,7.62458278781615,4.186430844523496,49.698660004126324,27.692456816949306,24.626822862938447,56.814292888230625,55.792199409588115,21.690638599772765,0.110401339828968
Rwanda,2019,9.464025340219123,4085693.0,23.459821985090628,18.839223460896644,15.65321,8.363653011062096,4.3798468462274185,49.115051570676805,31.668363220063938,23.56752418624765,52.67843018221598,57.99037063656708,22.304307016059685,0.0642396807670593
Rwanda,2020,-3.373986332270036,4544104.0,25.11973607053098,18.619093139494932,17.54409,8.739495640688933,4.252683335542672,46.591954874046685,26.966421750424242,26.66047791050696,55.48949180807282,55.1958821567176,26.23318673716287,0.0832765996456146
Rwanda,2021,10.876733791904215,4588673.0,26.13299972935697,20.3124819868675,18.67677,9.180745807274716,4.370659872801057,47.74656284270699,26.65772684054578,24.094640517804706,54.665478041866336,54.707505156216286,,0.170438632369041
Tanzania,1991,2.071988211922033,12541597.0,26.33527667538455,15.3880286079098,2.685702,8.167375972706676,1.560235233786321,31.85663272492274,12.826601930505124,43.85518189258133,84.48769654510716,43.90121083742301,19.798368365963253,
Tanzania,1992,0.5843221340832656,12917095.0,27.23176808445716,15.090248912676895,2.682494,7.634913474046594,1.5518107416041975,33.34603519437497,12.740716819931727,44.7048569288652,84.57678866957278,51.795415358155985,22.07205532171478,
Tanzania,1993,1.2058008083940308,13373576.0,25.12535235428296,14.509114848951283,2.677108,6.982120338260112,1.5416403147184026,33.840673274854886,12.703360771391306,44.82485442204625,84.61953185610531,65.69071871001243,24.395433071231203,
Tanzania,1994,1.567661765625644,13927383.0,24.649533879080433,13.994285010833599,2.671485,6.848808565262801,1.5297082209574078,36.8717285514995,12.69377084993904,41.584963375436686,84.63474483891268,64.2389490127093,24.783719110326956,
Tanzania,1995,3.5699118684430005,14418307.0,19.789803012746233,13.424631683496111,2.672522,6.638801522926668,1.5187314445563163,35.513689786459196,12.712193182576595,43.65035590134084,84.6152846980069,65.5824201291177,25.088727031948356,
Tanzania,1996,4.544366801874375,14764677.0,16.63759454852664,13.0289714362458,2.677251,6.750269797395825,1.5113825675744756,34.594555427506116,12.86133848546621,44.013603203276745,84.46139646796922,51.880672314407796,21.803982437821855,-0.626190364360809
Tanzania,1997,3.5252781913522426,15128801.0,14.899736555586006,13.001261412079918,2.685265,6.277762812432297,1.5055089861596254,35.427713944141956,13.019847544362385,42.601902132026666,84.29488721048376,41.907625855779756,19.71036634953127,
Tanzania,1998,3.70851159607723,15562876.0,20.8664625036183,20.074918343936147,2.71367,10.983059909723783,1.5154363221510865,47.63716621898994,13.235768109754769,26.549080332278074,84.05056304171559,25.93556908317367,12.592048045289339,-0.408068776130676
Tanzania,1999,4.863863755170513,16008096.0,18.21206796016973,19.786928256425004,2.75924,10.225068486539584,1.5334235986941076,48.73827192103,13.641357482874398,26.432298973663155,83.59940207956794,25.01345223165184,12.861062270996888,
Tanzania,2000,4.5207846348832135,16486056.0,17.456793116033207,19.204921734801207,2.8364,9.858122607041015,1.5733185361919084,49.08212770120577,14.083444688414268,26.208258866011548,83.08016257914825,23.980867699182962,13.054892083060565,-0.701925754547119
Tanzania,2001,6.070808288478162,16955479.0,18.310495780814005,19.373851856328468,2.956365,9.46563659288651,1.6423856455830173,49.099461830648835,14.753535152602254,25.80028911491906,82.29009408267447,28.020506467551964,15.761486523828024,
Tanzania,2002,7.093194983536861,17496682.0,18.081876410093823,21.487139590996765,3.328009,9.366992546364989,1.907852850397889,47.60906029260711,16.04474942029192,25.163082250425784,80.62724113415904,27.489763046366182,17.23237181655607,-0.253289312124252
Tanzania,2003,6.672789829083143,18051900.0,20.677275215532653,23.237160051603773,3.759803,9.375857236292088,2.2176062032465147,45.99272775395811,17.343256338533198,24.910725400784784,78.89694703970056,30.438367518405645,17.577383410621398,-0.855547189712524
Tanzania,2004,7.503814660477161,18621845.0,24.485159681763772,23.097556113836344,4.25816,9.190216556710498,2.5706338506305904,45.08048909515953,18.858430664452094,25.696976332359277,76.88341363514505,33.5982316952082,17.361195557266733,-0.671642243862152
Tanzania,2005,7.476319257822922,19204746.0,27.395897916608845,22.939515584117455,4.835609,9.02650307425013,2.9804431936390414,45.07896662509289,20.649599844193308,24.648841084025353,74.51479746609685,36.95927328886754,20.46440281250495,-0.583453714847565
Tanzania,2006,6.5322213903017,19802584.0,30.323964452079462,22.84522243798574,5.49407,8.821439254384412,3.4556036576131515,45.552144350731396,22.327388754562875,23.669310728067362,72.17854102803787,42.76816646951309,22.120025039020717,-0.357518166303635
Tanzania,2007,6.768535201806628,20225225.0,32.65121734568296,23.197190074531576,5.551293,8.817414345234186,3.380846512753835,45.53642941194293,23.071568130701536,23.24548823651556,71.3771323904523,48.058394779125265,22.884231917799802,-0.38706237077713
Tanzania,2008,5.6864168597641935,20635599.0,37.48952169542715,23.73753919361283,5.614937,8.744588960567668,3.313909990942485,43.71917849704055,23.202079864122823,24.765493876603546,71.18298377447412,49.026544550500226,22.29784349254346,-0.228933870792389
Tanzania,2009,5.269105247918532,21001337.0,34.35567687152921,21.676908638581548,5.680449,8.666675269208145,3.242468638076633,44.551474294713515,23.59371495193258,26.035190359850663,70.72583712824111,43.532600645178185,22.866691314872302,0.0891812443733215
Tanzania,2010,6.336523427474944,21393289.0,32.01724430672142,23.55617365679896,5.786643,8.665829301762038,3.184512841783248,43.31622824794399,23.95926972139259,25.582406887101765,70.25408335864633,47.64043943032523,24.647923532967095,0.0144716212525964
Tanzania,2011,7.67215543499384,21865045.0,34.73603330340922,26.382084087928785,5.922069,9.548698459616043,3.139319781987286,41.40503758537042,24.436461885394177,24.976864446458833,69.64146520857382,56.16612418259707,24.124197813468243,-0.0241334792226553
Tanzania,2012,4.500153559821257,22376520.0,34.84510150832514,25.399498721166296,6.015816,9.438233264016047,3.079813310884421,40.61147664819774,24.616841636129543,26.55092652078611,69.36733738704713,54.36894908151382,23.503562475643115,0.0514542907476425
Tanzania,2013,6.781585600653159,22926545.0,37.470607348422966,25.446745032469565,6.125011,9.110895166321747,3.019768813399387,40.265550738431784,25.170123232118986,26.790867917237637,68.70486076006246,48.631627529549505,22.070959735598308,-0.162120848894119
Tanzania,2014,6.732461868324833,23506979.0,37.65396656325614,25.14150347585249,6.254019,9.120109000188277,2.964774392705068,41.295695490576904,25.69562700188464,25.802577447557095,68.0503590152756,45.356022343306506,22.53436799104102,-0.597118556499481
Tanzania,2015,6.160628774066822,24329561.0,32.758692284560716,24.487350109585307,6.363496,7.855564960986642,2.925253936547827,40.4311664337765,26.132703089174203,26.745885729563014,67.5038041968898,40.75768087783136,23.43982578768724,-0.416194349527359
Tanzania,2016,6.867116196445508,25227844.0,32.17478649909169,24.858399368155794,6.494799,7.813717837833827,2.9011444400072173,39.44858852159385,26.620729617875345,27.444142571775416,66.88447024247759,35.420470400263596,21.112380446814484,-0.440994799137115
Tanzania,2017,6.7729059695303135,26155211.0,34.045726105854676,25.041652299728362,6.612038,7.6654344419281815,2.880036585838159,37.95257601810851,27.043557023880254,28.763095743979434,66.34439765479524,33.11193232063235,20.813027063637378,-0.561928689479828
Tanzania,2018,5.457582903939212,27089226.0,38.37657448364964,27.00776551109675,6.746752,8.073823151064119,2.8760728408032548,37.242798872765334,27.485183172876688,27.86859947737702,65.76806565054567,32.64260990437371,20.0113705355786,-0.570935010910034
Tanzania,2019,5.799999999967227,28031346.0,39.72640572765705,28.671833356505182,6.879666,8.501810555781494,2.8747511247837307,36.832504385879986,28.040458468506515,26.594311951601796,65.07986899336302,33.01858925023111,20.275544672176856,-0.373524188995361
Tanzania,2020,1.9919646064785468,27839215.0,38.74648749246034,27.084450287713157,7.004791,8.032128090363233,2.952398247422852,34.237472975826414,28.16867806860338,25.25490166534305,64.82652593534486,27.963015196988355,19.740251979382855,-0.466188371181488
Tanzania,2021,4.321384294804815,29342820.0,39.68667886060014,27.29614188785181,7.248288,8.024874632881653,2.997325463432629,32.55197160585245,28.48597290927964,24.78845061587826,64.26573795596559,29.915184007404825,,-0.436965554952621
Uganda,1991,5.554095496071838,6492431.0,15.171265120909903,11.554924346953195,8.918411,5.438035758489486,7.806539481320717,32.54275002336067,18.368400350423236,49.372540640732595,72.71318807560515,29.4022018591267,8.661363202930712,
Uganda,1992,3.418356891360432,6706125.0,15.9389277365969,12.457438920789663,8.881808,5.820887289000105,7.752944306480715,33.632367904745465,18.36806500776856,48.202943492109796,72.75012638959105,33.05214405100625,9.611768728285664,
Uganda,1993,8.326292520489332,6926204.0,15.245786475543433,12.267919201539527,8.857065,5.598405977451444,7.7013669902889434,33.13130869921433,18.890495933791478,48.28488218355634,72.2524385156002,28.23983453803134,10.719487644633222,
Uganda,1994,6.403635743093147,7137229.0,14.681826342474439,12.823372202160321,8.818946,6.030379953957371,7.634349112400299,33.48835412372422,19.001050545962038,46.16984866837717,72.18000320702134,27.839359857463293,12.804525631381711,
Uganda,1995,11.523243808615419,7273738.0,12.412025361735616,13.106078559377105,8.78591,6.229189396242838,7.560491122774724,33.30672855073241,19.802364056514207,45.29538761007077,71.4117121197775,32.623145862769995,11.96101840424961,
Uganda,1996,9.072114581697747,7415858.0,20.172689420228945,14.709309191682774,8.753689,7.147086558199334,7.485391100190841,35.16017163422485,20.540980337793176,41.03720151732521,70.70533089669114,35.385486882010376,12.515466534380668,-1.53094363212585
Uganda,1997,5.100001863416111,7594788.0,18.178556488115202,15.9366696942402,8.712368,7.7879542773583985,7.403430359710327,36.739717870346986,20.80435117908984,38.11995974960334,70.4832808455468,34.15856696527838,13.793479284990145,
Uganda,1998,4.905265484222227,7793558.0,16.447145074469137,16.438030448135795,8.643787,8.281100359961693,7.291762763549162,36.22997919487467,21.208009262520953,38.25104851226842,70.14820299383607,30.043921931244018,14.858904263399491,-1.1040164232254
Uganda,1999,8.053948376406964,8041854.0,19.549120638378596,17.846823636897696,8.562716,8.893207736179274,7.152778922512022,37.82270696757928,21.926474406260688,34.785978748454845,69.51082185966199,36.024710157024494,15.63352015127223,
Uganda,2000,3.1419073385019516,8289243.0,19.48382171574402,21.438181599467843,8.419192,7.098978105219746,6.9588147567769525,44.67027680313378,22.082506074900614,27.509106881360836,69.49830145441133,32.749033338382176,16.115536185182265,-1.24837958812714
Uganda,2001,5.18366112627659,8537792.0,19.302059418427138,21.16865430809844,8.198227,7.061988775794238,6.673989294602897,44.77966465057587,22.479233295113364,27.850241479256777,69.32253994489088,35.329976781629355,16.091442565751205,
Uganda,2002,8.732685763877583,8810532.0,20.21742280437978,22.92010211800043,7.993291,7.354144342186794,6.384391133434374,47.741387198857296,23.38283693685662,23.433428003532182,68.62387149026681,36.277794157521676,19.032088371861455,-1.41743767261505
Uganda,2003,6.473258671449628,9100783.0,20.984141578942967,22.676707766690583,7.801132,7.055683802601891,6.100304780433049,46.537874939748754,23.50057863714738,24.507022578270277,68.69830065445896,36.58572646530289,19.55395842616697,-1.56096339225769
Uganda,2004,6.807233344298496,9377842.0,20.14568991684261,20.864008814309926,6.634827,6.364934006438654,5.008303991321351,52.03234582365282,21.206969541505867,21.67035264235895,72.15820334236336,35.460086245874464,17.228478559123296,-1.3047730922699
Uganda,2005,6.332565116218717,9660213.0,22.35514585694509,23.51010649412556,5.677007,7.009315597737535,4.093980205596473,45.31225078772775,19.018955822157437,25.074936134289594,75.30402663622294,38.994285484877885,19.32293893080915,-1.41722476482391
Uganda,2006,10.78474438629722,9960400.0,21.13037002499597,22.766161150690266,5.989518,7.09061606634003,4.282223469891475,47.11979449607602,19.440285071306352,24.034932983870263,74.57019706268065,43.63328578962044,19.9141480378524,-1.14034521579742
Uganda,2007,8.412425965452755,10281641.0,22.08305526917769,25.077331430452272,6.337695,7.125823100491664,4.495722373298442,46.926098067917856,19.452418189376992,22.278113678763738,74.20987936498796,46.77741665206147,20.875452982011822,-0.916478335857391
Uganda,2008,8.708751901330743,10622845.0,22.977773842733093,25.768110035558195,6.697998,7.306965260219343,4.714327423540992,46.895881477133486,19.299786022078912,21.384598562647998,74.00221714404789,56.25826820529307,23.61767662065224,-0.875740170478821
Uganda,2009,6.801517347989531,10979617.0,26.616038756008297,27.286185285469745,7.087694,20.077845788479056,4.946761537472415,44.62705606191948,19.126666055072395,34.87285993712744,73.78563028710572,47.06387807522604,14.017274969492984,-0.991805791854858
Uganda,2010,5.637611638052647,11353046.0,27.10395535327396,27.591833618616796,7.422578,19.656307169250642,5.011486083088073,44.78588236977063,21.2587504585069,32.86800907766171,71.31867725271348,38.26924903771082,17.34476977291538,-1.00055825710297
Uganda,2011,9.39165549281067,11740672.0,26.754980527570734,27.55829567510006,7.695161,19.086307221262555,4.989573522289045,45.77679690904065,23.506103028497275,28.969247477570097,68.7987345606229,39.75522556064381,16.39287996098364,-0.976101815700531
Uganda,2012,3.837455605915679,12143029.0,26.177175644952342,27.178607337899336,8.015368,18.67000674148497,4.9742860968009435,44.44412047714496,25.84896181268503,27.177257748200578,66.13566209970806,43.50213714001781,17.561048378427664,-0.868966519832611
Uganda,2013,3.586905826332014,12561282.0,31.973979810165254,25.464664679946374,7.003377,16.54856161728784,4.402393013697262,44.53728879557809,21.079722728817345,26.030323739787054,71.91689039048995,43.10915487268629,17.986688436248084,-0.838690638542175
Uganda,2014,5.106307324384645,13026478.0,26.85345466440292,25.22268201309592,7.256574,15.633862830109685,4.508824043498709,44.045951933793255,24.275424964979216,24.819975934893655,68.46801036665569,36.01440108191817,18.659968305609947,-0.9411261677742
Uganda,2015,5.187859862460982,13550001.0,23.85979445109933,27.10988487643829,7.765897,17.60854767671883,4.8177327595051676,44.29881243784315,24.417217151949725,23.472369693380642,67.81688039519592,37.689298332067054,18.843922102963376,-0.80450165271759
Uganda,2016,4.781000291463329,14163205.0,25.41528826464393,26.166460388961195,8.177486,16.229747596708282,5.030324431010351,44.43241640107628,25.04247258097357,22.660322786879966,66.780045996405,31.209362023534936,19.07484372047809,-0.715322732925415
Uganda,2017,3.1314055178774254,14847009.0,24.61404268597958,26.0309948145252,8.645951,15.522996087706332,5.274252165682109,43.47849940511792,26.255356102626358,23.45883538260259,65.0986909657921,36.83705293317734,19.918606856889358,-0.571629285812378
Uganda,2018,6.303923780884119,15501519.0,24.32859897951827,26.23601164902451,8.852355,15.779355619042907,5.36314002521704,43.338893004910226,26.86745346096748,23.250293542244066,64.28019078890989,36.638405600691534,19.41712931449804,-0.702562272548676
Uganda,2019,6.43874503364799,16175558.0,25.529460779485845,26.62043669558517,9.024741,15.466307482318731,5.4135878811669675,42.99811104973115,27.464418305526888,22.94550880692251,63.51083273965875,39.36105396490614,20.523055646002124,-0.691217362880707
Uganda,2020,2.9513064215940688,16728018.0,24.215950555387604,26.4905245869762,9.202113,15.795256722393319,5.578330845455322,42.83800408954709,27.320807049096214,23.929033720438696,63.47708685636643,37.0006923916369,22.731371239224988,-0.809593379497528
Uganda,2021,3.53658034070898,17466536.0,24.08636834694054,27.149441688846977,9.456916,16.43374918713583,5.645590027742259,41.84638582996924,27.626486005488633,23.841803827149764,62.916595254653,41.713630742478145,22.48809350769462,-0.859658300876617
